FIPS,parish_name,Population,Median Household Income,Percent 65 and over,Percent Black,Respiratory Hazard (RH) Weighted Ave,First Wave of Covid Deaths per 10k,Second Wave of Covid Deaths per 10k,Third Wave of Covid Deaths per 10k,Current Covid Deaths per 10k thru 4/28/21,Percent Rural,Cancer Alley,TRI Total On Site Air Release (pounds),Poverty Rate
22001,Acadia Parish,62045,40484,15.26129603,17.92571153,0.564066401,5.963413651,10.47626723,14.34442743,30.78410831,51.69896233,0,4500,20.3
22003,Allen Parish,25627,44395,15.01269283,22.31595392,0.631587354,3.902134468,20.68131268,10.92597651,35.50942365,69.42244993,0,47400,21.6
22005,Ascension Parish,126604,77758,11.81821099,23.23536961,0.679779738,4.581213864,3.317430729,5.055132539,12.95377713,13.21643427,1,13200000,9.6
22007,Assumption Parish,21891,48120,18.02690583,29.38116592,0.572153494,6.852131013,4.111278608,5.48170481,16.44511443,44.99380898,0,3,18.8
22009,Avoyelles Parish,40144,37731,16.92946468,29.55612674,0.50132947,3.487445197,11.95695496,15.19529693,30.63969709,63.78199796,0,0,24.4
22011,Beauregard Parish,37497,57005,15.75980458,12.01513972,0.65726698,2.133504014,8.534016055,9.33408006,20.00160013,66.49464296,0,667300,14.3
22013,Bienville Parish,13241,34047,20.9272618,41.47129546,0.560710203,20.39120912,6.04183974,34.74057851,61.17362737,79.83696788,0,2000,24.4
22015,Bossier Parish,127039,56754,14.34131383,22.46098203,0.582613265,2.440195531,7.163154622,13.5391494,23.14249955,24.34197591,0,1600,16.4
22017,Caddo Parish,240204,40467,17.12730835,49.39527914,0.57871072,9.783350818,6.702636093,14.15463523,30.64062214,14.43508819,0,445700,24.1
22019,Calcasieu Parish,203436,50531,14.7982394,25.37220844,0.780037549,2.900174994,8.405591931,9.388702098,20.69446902,20.50029051,0,5900000,18.9
22021,Caldwell Parish,9918,40842,17.76104418,15.81325301,0.529007391,1.008267796,2.016535592,26.21496269,29.23976608,100,0,0,19.5
22023,Cameron Parish,6973,57299,16.48966705,3.989667049,0.705281697,0,2.868205937,5.736411874,8.604617812,100,0,781,13.7
22025,Catahoula Parish,9494,35812,17.47502082,30.50582848,0.47578572,3.159890457,12.63956183,24.22582684,40.02527912,100,0,,26.4
22027,Claiborne Parish,15670,33659,19.10436528,51.60561967,0.543826915,6.381620932,10.21059349,18.5067007,35.09891512,82.35533585,0,50,32.5
22029,Concordia Parish,19259,35840,17.26445943,39.55139996,0.465878292,3.115426554,5.19237759,22.84646139,31.15426554,33.45499952,0,16,27.5
22031,De Soto Parish,27463,44457,17.85245663,35.74136172,0.566085738,6.554273022,6.190146743,15.29330372,28.03772348,77.26215486,0,3900000,18
22033,East Baton Rouge Parish,440059,52945,14.1800996,46.5320803,0.822223127,6.158265142,4.272154416,7.56716713,17.99758669,6.875964114,1,3900000,17.7
22035,East Carroll Parish,6861,27714,14.76481455,68.01193691,0.433166218,1.457513482,7.28756741,27.69275616,36.43783705,34.57919835,0,0,38.4
22037,East Feliciana Parish,19135,45174,17.72079772,42.48640249,0.587327563,17.2458845,23.51711523,17.76848707,58.5314868,100,0,0,18.7
22039,Evangeline Parish,33395,34113,15.33056245,27.35101516,0.560090213,0.299446025,11.67839497,15.57119329,27.54903429,61.09345574,0,257600,28.6
22041,Franklin Parish,20015,34446,17.88549315,31.51418932,0.470150542,6.994753935,16.48763427,28.9782663,52.46065451,74.18500506,0,0,25.8
22043,Grant Parish,22389,43502,15.21216974,15.22551374,0.600502617,0.446647907,12.95278932,11.16619769,24.56563491,85.59325833,0,20,18.6
22045,Iberia Parish,69830,42909,14.98146347,32.11260061,0.593561252,6.301016755,7.589861091,7.876270944,21.76714879,28.13626434,0,95500,21.9
22047,Iberville Parish,32511,47917,15.83386816,48.25952752,0.851857429,13.22629264,5.536587616,11.38076343,30.14364369,59.21466439,1,6300000,18.7
22049,Jackson Parish,15744,40828,19.90944535,28.4240976,0.577895725,10.16260163,5.081300813,16.51422764,31.75813008,65.53398058,0,678800,19.2
22051,Jefferson Parish,432493,50871,17.12471576,26.81873789,0.534266753,11.21405433,2.404663197,6.936528452,20.55524598,1.142521593,1,514400,14.6
22053,Jefferson Davis Parish,31368,44492,16.33525426,16.420746,0.537124255,2.869166029,11.15786789,15.62101505,29.64804897,50.69949991,0,281,19.1
22055,Lafayette Parish,244390,57821,13.20814558,26.36851167,0.555403667,1.841319203,3.887229428,5.483039404,11.21158804,8.318515376,0,25500,16.6
22057,Lafourche Parish,97614,52651,15.45940988,13.3720634,0.585720115,9.117544615,4.302661503,7.375991149,20.79619727,24.21665732,0,61400,17.5
22059,La Salle Parish,14892,45742,16.92029228,11.97291681,0.538361108,0,6.715014773,17.45903841,24.17405318,73.19006044,0,29700,16.9
22061,Lincoln Parish,46742,36525,13.55199593,40.29578778,0.579601546,3.850926362,6.84609131,8.985494844,19.68251252,40.6782925,0,77700,29.5
22063,Livingston Parish,140789,63088,13.19939527,6.546676507,0.653497652,2.699074502,2.983187607,8.736477992,14.4187401,41.11664818,0,38600,12
22065,Madison Parish,10951,28452,14.38939163,62.44064152,0.53099054,1.826317231,6.39211031,27.39475847,35.61318601,22.44273547,0,4200,41.1
22067,Morehouse Parish,24874,34023,18.75344515,47.73997953,0.517041169,3.216209697,7.63849803,18.49320576,29.34791348,50.03752815,0,25300,31
22069,Natchitoches Parish,38158,36298,16.59380739,40.98140149,0.585890259,3.668955396,4.193091881,14.41375334,22.27580062,50.05054845,0,912900,19.6
22071,Orleans Parish,390144,38855,14.77215183,59.11597265,0.559697834,13.68725394,1.563525262,4.972522966,20.22330217,0.591863979,1,5300,23.5
22073,Ouachita Parish,153279,44371,14.79009549,37.31542321,0.593518356,4.893038185,6.002126841,18.26734256,29.16250758,24.19138694,0,2600000,23.9
22075,Plaquemines Parish,23197,58643,13.42588637,20.72191371,0.424033097,7.328533862,0.862180454,3.01763159,11.20834591,19.53823453,1,404600,15.1
22077,Pointe Coupee Parish,21730,46603,20.5834093,35.32816773,0.565571703,12.42521859,6.902899218,14.26599172,33.59410953,57.81071836,0,311400,20
22079,Rapides Parish,129648,48116,16.3715323,31.74277355,0.602885251,4.78217944,7.636060718,11.80118475,24.2194249,39.52725035,0,474300,18.3
22081,Red River Parish,8442,36865,19.09873776,39.36534151,0.550847782,9.476427387,18.95285477,16.58374793,45.01303009,100,0,29300,23.9
22083,Richland Parish,20122,35103,17.55150555,35.37044374,0.49886185,1.987873969,6.957558891,17.89086572,26.83629858,66.04583836,0,367,25.1
22085,Sabine Parish,23884,36423,20.72237017,16.66527963,0.528573503,0.418690337,5.861664713,18.84106515,25.1214202,88.19791194,0,110200,18.4
22087,St. Bernard Parish,47244,43983,11.42954988,22.91260889,0.547282654,4.86834307,1.90500381,3.81000762,10.5833545,4.253837368,1,512400,19.2
22089,St. Charles Parish,53100,67585,13.56682237,25.98952325,0.949266563,9.22787194,2.63653484,5.461393597,17.32580038,11.48920046,1,2800000,11.1
22091,St. Helena Parish,10132,38699,19.93763399,51.93919314,0.596623477,0.98697197,2.96091591,5.92183182,9.8697197,100,0,0,19.6
22093,St. James Parish,21096,53903,17.16024148,48.84251557,0.656342967,13.74668184,5.214258627,4.740235116,23.70117558,27.70337526,1,1000000,16.6
22095,St. John the Baptist Parish,42837,50830,14.22749166,57.04195999,0.674504934,20.30954549,4.668861031,7.003291547,31.98169806,13.44612839,1,690500,16
22097,St. Landry Parish,82124,36624,16.10361993,41.28002513,0.553329597,6.940723784,9.61959963,14.24674882,30.80707223,48.17231124,0,256700,22.6
22099,St. Martin Parish,53431,46229,15.02582943,29.74953843,0.533726301,4.866088975,7.111976194,9.732177949,21.71024312,49.57055215,0,34200,18.7
22101,St. Mary Parish,49348,39764,16.55884598,31.3657733,0.53509655,7.700413391,9.929480425,9.524195509,27.15408932,13.03934126,0,700000,23.8
22103,St. Tammany Parish,260419,67054,16.92837578,12.25286795,0.55024082,6.719939789,3.68636697,9.561514329,19.96782109,23.21810559,0,5300,11.5
22105,Tangipahoa Parish,134758,47128,14.37466829,30.06421134,0.632577704,3.190905178,6.159189065,12.24417103,21.59426528,40.92917248,0,1100,21.7
22107,Tensas Parish,4334,28962,24.40609592,53.89959659,0.455752515,0,4.614674665,13.844024,18.45869866,100,0,,28.9
22109,Terrebonne Parish,110461,51665,14.39727619,18.95587321,0.518297994,5.522311042,5.79390011,8.600320475,19.91653163,20.62846415,0,31900,19
22111,Union Parish,22108,43584,20.55530676,24.84997761,0.565993024,10.85579881,12.66509861,11.30812376,34.82902117,82.91008318,0,66300,19.4
22113,Vermilion Parish,59511,48263,15.22981782,14.15677754,0.59741126,1.008216968,10.75431433,8.233771908,19.9963032,54.62163141,0,82500,17
22115,Vernon Parish,47429,47664,12.19607041,13.82726156,0.662031435,1.686731746,10.12039048,9.487866073,21.2949883,49.8968166,0,226,15.3
22117,Washington Parish,46194,36850,17.93611266,30.11034305,0.593201785,9.958003204,5.628436593,12.33926484,27.92570464,66.6744403,0,2100000,24.9
22119,Webster Parish,38340,35070,19.75875045,34.00948503,0.567155571,2.869066249,7.824726135,18.51851852,29.2123109,53.04195889,0,38700,29.6
22121,West Baton Rouge Parish,26465,58205,13.64891967,39.37639535,0.93880414,11.33572643,4.534290572,6.423578311,22.29359531,30.46073651,1,376200,14.4
22123,West Carroll Parish,10830,39332,19.03114187,15.6164633,0.437520603,4.616805171,7.386888273,25.85410896,37.8578024,100,0,,21
22125,West Feliciana Parish,15568,60296,15.02587322,44.27554981,0.521375376,8.992805755,7.065775951,5.781089414,21.83967112,100,0,571600,22.1
22127,Winn Parish,13904,40133,18.5793123,30.61412198,0.587350152,3.596087457,10.78826237,16.5420023,30.92635213,64.89257494,0,111200,23.4
